"Epic","Feature","Story","FAILED","BROKEN","PASSED","SKIPPED","UNKNOWN"
"","员工借款单流程","员工借款单费用报销界面业务审批","0","0","1","0","0"
"","多人差旅报账单流程","多人差旅报账单共享中心界面财务审批","0","0","1","0","0"
"","通用费用申请单流程","通用费用申请费用报销界面业务审批","0","0","1","0","0"
"","差旅申请单（国际）流程","差旅申请单（国际）共享中心界面财务审批","0","0","1","0","0"
"","员工还款单流程","员工还款单费用报销界面单据提交","0","0","1","0","0"
"","差旅申请单（国际）流程","差旅申请单（国际）费用报销界面单据提交","0","0","1","0","0"
"","员工借款单流程","员工借款单共享中心界面财务审批","0","0","1","0","0"
"","员工借款单流程","员工借款单费用报销界面单据提交","0","0","1","0","0"
"","员工还款单流程","员工还款单共享中心界面财务审批","0","0","1","0","0"
"","差旅报账单流程","差旅报账单费用报销界面业务审批","0","0","1","0","0"
"","日常费用报账单流程","日常费用报账单共享中心界面财务审批","0","0","1","0","0"
"","通用费用申请单流程","通用费用申请单费用报销界面单据提交","0","0","1","0","0"
"","差旅报账单流程","差旅报账单费用报销界面单据提交","0","0","1","0","0"
"","员工还款单流程","员工还款单费用报销界面业务审批","0","0","1","0","0"
"","日常费用报账单流程","日常费用报账单费用报销界面业务审批","0","0","1","0","0"
"","多人差旅报账单流程","多人差旅报账单费用报销界面业务审批","0","0","1","0","0"
"","日常费用报账单流程","日常费用报账单费用报销界面单据提交","0","0","1","0","0"
"","通用费用申请单流程","通用费用申请共享中心界面财务审批","0","0","1","0","0"
"","多人差旅报账单流程","多人差旅报账单费用报销界面单据提交","0","0","1","0","0"
"","差旅申请单（国际）流程","差旅申请单（国际）费用报销界面业务审批","0","0","1","0","0"
"","差旅申请单流程","差旅申请单共享中心界面财务审批","0","0","1","0","0"
"","差旅申请单流程","差旅申请单费用报销界面业务审批","0","0","1","0","0"
"","差旅申请单流程","差旅申请单费用报销界面单据提交","0","0","1","0","0"
"","差旅报账单流程","差旅报账单共享中心界面财务审批","0","0","1","0","0"
